{
  "type": "dataset_table",
  "params": {
    "datasetSmartName": "transactions_2017",
    "shakerScript": {
      "steps": [],
      "maxProcessedMemTableBytes": -1,
      "columnsSelection": {
        "mode": "ALL"
      },
      "columnWidthsByName": {
        "transaction_id": 120,
        "authorized_flag": 128,
        "purchase_date": 148,
        "card_id": 120,
        "merchant_id": 127,
        "merchant_category_id": 165,
        "item_category": 113,
        "purchase_amount": 134,
        "signature_provided": 150
      },
      "columnUseScientificNotationByName": {},
      "coloring": {
        "scheme": "MEANING_AND_STATUS",
        "individualColumns": [],
        "valueColoringMode": "HASH"
      },
      "sorting": [
        {
          "column": "purchase_amount",
          "ascending": false
        }
      ],
      "analysisColumnData": {},
      "explorationSampling": {
        "selection": {
          "maxRecordsForDisplay": -1,
          "maxStoredBytes": 104857600,
          "timeout": -1,
          "filter": {
            "distinct": false,
            "enabled": false
          },
          "partitionSelectionMethod": "ALL",
          "latestPartitionsN": 1,
          "ordering": {
            "enabled": false,
            "rules": []
          },
          "samplingMethod": "HEAD_SEQUENTIAL",
          "maxRecords": 10000,
          "targetRatio": 0.02,
          "withinFirstN": -1,
          "maxReadUncompressedBytes": -1
        },
        "autoRefreshSample": false,
        "_refreshTrigger": 0
      },
      "vizSampling": {
        "selection": {
          "useMemTable": false,
          "filter": {
            "distinct": false,
            "enabled": false
          },
          "partitionSelectionMethod": "ALL",
          "latestPartitionsN": 1,
          "ordering": {
            "enabled": false,
            "rules": []
          },
          "samplingMethod": "FULL",
          "maxRecords": -1,
          "targetRatio": 0.02,
          "withinFirstN": -1,
          "maxReadUncompressedBytes": -1
        },
        "autoRefreshSample": false,
        "_refreshTrigger": 0
      },
      "exploreUIParams": {
        "autoRefresh": true
      },
      "globalSearchQuery": "",
      "explorationFilters": [
        {
          "column": "purchase_amount",
          "type": "columnFilter",
          "currentMode": "FACET",
          "active": true,
          "facet": {
            "type": "facet",
            "column": "purchase_amount",
            "columnType": "NUMERICAL",
            "currentMode": "NUMERICAL",
            "sort": "count",
            "selectedValues": {}
          },
          "alphanumFilter": {
            "type": "alphanum",
            "column": "purchase_amount",
            "selectedValues": [],
            "params": {
              "mode": "full_string",
              "normalization": "exact"
            }
          },
          "validityFilter": {
            "type": "validity",
            "column": "purchase_amount",
            "params": {
              "type": "DoubleMeaning",
              "ok": true,
              "nok": true,
              "empty": true
            }
          }
        }
      ],
      "previewMode": "ALL_ROWS"
    }
  },
  "owner": "admin",
  "listed": false,
  "name": "transactions_2017 table",
  "versionTag": {
    "versionNumber": 0,
    "lastModifiedBy": {
      "login": "admin"
    },
    "lastModifiedOn": 1687525919346,
    "extendedProperties": {}
  },
  "creationTag": {
    "versionNumber": 0,
    "lastModifiedBy": {
      "login": "admin"
    },
    "lastModifiedOn": 1687525919346,
    "extendedProperties": {}
  },
  "tags": [],
  "customFields": {},
  "checklists": {
    "checklists": []
  }
}